keyword,title,description,source,published_at,url
TTF gas price,EU can forget about competitiveness at current energy prices – Tusk,Poland’s Tusk and fellow Visegrad leaders warn EU policies are squeezing industry as high energy costs undermine the bloc’s competitiveness Read Full Article at RT.com,RT,2026-09-11T11:56:30Z,https://www.rt.com/news/645448-tusk-eu-energy-prices/
TTF gas price,"Further European rate hikes 'very much dependent' on energy costs, Bundesbank chief said","Joachim Nagel told CNBC that a potential move in rates into restrictive territory was ""very much dependent on how the energy prices evolve.""",CNBC,2026-09-11T07:40:49Z,https://www.cnbc.com/2026/09/11/ecb-nagel-energy-prices-further-interest-rate-hikes.html
TTF gas price,"How Ukraine’s deepest attack in Russia, on Arctic gas, signals new reach","Long-range Ukrainian drones hit Russia's key gas plants, raising questions about the conflict's next phase.",Al Jazeera English,2026-09-10T10:38:53Z,https://www.aljazeera.com/news/2026/9/10/how-ukraines-deepest-attack-in-russia-on-arctic-gas-signals-new-reach
TTF gas price,European gas tops €80 for first time in over 3 years,"The price of natural gas in Europe continued to grow on Wednesday, with the Dutch TTF natural gas futures, the benchmark for the continent, reaching €80 per megawatt-hour for the first time in over 3 ...",Biztoc.com,2026-09-09T14:57:28Z,https://biztoc.com/x/047e34777aceead7
TTF gas price,"Iran conflict drives up European natural gas, heating oil, and sulfur prices","Geopolitical tensions heighten energy market volatility, potentially leading to sustained price increases and economic strain in Europe.
The post Iran conflict drives up European natural gas, heating oil, and sulfur prices appeared first on Crypto Briefing.",Crypto Briefing,2026-09-08T23:45:17Z,https://cryptobriefing.com/iran-conflict-drives-up-european-natural-gas-heating-oil-and-sulfur-prices/
TTF gas price,Labor Day Gasoline Just Hit a Record. Here’s What Comes Next,"Beyond its historical roots as a day to honor the achievements and contributions of workers, Labor Day has emerged as one of the largest retail sales weekends of the year in the U.S., second only to Black Friday. People usually travel in large numbers, too, w…",OilPrice.com,2026-09-08T20:00:00Z,https://oilprice.com/Energy/Energy-General/Labor-Day-Gasoline-Just-Hit-a-Record-Heres-What-Comes-Next.html
TTF gas price,Labor Day Gasoline Just Hit a Record. Here’s What Comes Next,"The surge is becoming a political liability, with the Iran war estimated to have added over $100 billion to Americans’ energy costs ahead of the midterms.",Yahoo Entertainment,2026-09-08T20:00:00Z,https://finance.yahoo.com/energy/articles/labor-day-gasoline-just-hit-200000363.html
TTF gas price,Dutch TTF Gas Jumps 2% as Winter Storage Race Heats Up,Europe’s benchmark natural gas prices jumped on Tuesday morning in Amsterdam as the Middle East crisis remains a major supply shock amid the European race against time to stock up for the winter. The front-month price at the Dutch Title Transfer Facility (TTF…,OilPrice.com,2026-09-08T14:30:00Z,https://oilprice.com/Latest-Energy-News/World-News/Dutch-TTF-Gas-Jumps-2-as-Winter-Storage-Race-Heats-Up.html
EEX power price,"Nodal Achieved Growth in Power, Gas, and Environmental Markets in August 2026","WASHINGTON — Nodal Exchange today announced growth in power, gas, and environmental markets in August 2026. Nodal power futures volume for August was 214.2 MWh, up 8% from July 2026. The majority of U.S. power futures open interest is on Nodal Exchange with 1…",Financial Post,2026-09-08T13:09:35Z,https://financialpost.com/pmn/business-wire-news-releases-pmn/nodal-achieved-growth-in-power-gas-and-environmental-markets-in-august-2026
EEX power price,Europe Gas Hits Three-Year High as Traders Race to Fill Storage,"European natural gas prices hit a fresh three-year high as traders race to fill fuel storage facilities ahead of winter, while awaiting details of an Iran-Oman deal on shipping through the Strait of Hormuz.",gcaptain.com,2026-09-08T11:32:09Z,https://gcaptain.com/europe-gas-hits-three-year-high-as-traders-race-to-fill-storage/
EEX power price,CME Group to Enter European Dairy Market with Transition of EEX Dairy Products,"CHICAGO and LEIPZIG, Germany, Sept. 8, 2026 /PRNewswire/ -- CME Group, the world's leading derivatives marketplace, and the European Energy Exchange, the world's leading exchange for power and European energy, today announced an agreement for EEX to transitio…",PRNewswire,2026-09-08T11:00:00Z,https://www.prnewswire.com/news-releases/cme-group-to-enter-european-dairy-market-with-transition-of-eex-dairy-products-302872098.html
UK electricity market,"Your alternative update on #COVID19 for 2026-09-12. From Feb 2021, Israel was seeing terrible harm from the shots: Early Myocarditis Warning to Global Health Auth","First off, my pronouns are still ‘kiss my ass’ Regarding the July 5 proscription of Palestine Action as a terrorist organisation and the fact this UK government is withholding information that supp…",Wordpress.com,2026-09-12T20:08:46Z,https://paulthepaperbear.wordpress.com/2026/09/12/your-alternative-update-on-covid19-for-2026-09-12-from-feb-2021-israel-was-seeing-terrible-harm-from-the-shots-early-myocarditis-warning-to-global-health-auth/
UK electricity market,Dense-Fluid Pumped Hydro Works. Scaling It Is The Problem.,"RheEnergise deserves credit for something a lot of energy-storage startups never accomplish: it built the thing. At Cornwood in Devon, the company constructed upper and lower reservoirs, installed pumps, pipes and generating equipment, manufactured hundreds o…",CleanTechnica,2026-09-12T13:32:45Z,https://cleantechnica.com/2026/09/12/dense-fluid-pumped-hydro-duration-scaling/
UK electricity market,Energy Markets Signal Winter Crisis and Rising Interest Rates,"The surge in oil, gas and diesel prices is forcing central banks and governments to reassess the impact of the wars in Iran and Ukraine.",Yahoo Entertainment,2026-09-12T11:00:02Z,https://finance.yahoo.com/energy/articles/energy-markets-signal-winter-crisis-110002366.html
UK electricity market,Links 9/12/2026,"Our testy links: Houthi lighting strike takes key island + most of Bab el Mandeb coast, Saudis close key pipeline, US diesel over $6 and Brent nears $110, El Nino snarls Asia ports, UK bond yields spike, 9/11, Isreal destruction in Lebanon and Syria, McClatch…",Nakedcapitalism.com,2026-09-12T10:55:36Z,https://www.nakedcapitalism.com/2026/09/links-9-12-2026.html
UK electricity market,ESB flags risk of ‘state actor’ attacks on assets following incidents in Europe,"In prospectus to debt investors, ESB cites risks posed by ‘state actors’ amid heightened geopolitical tensions",The Irish Times,2026-09-12T05:00:00Z,https://www.irishtimes.com/business/2026/09/12/esb-flags-risk-of-state-actor-attacks-on-assets-following-incidents-in-europe/
UK electricity market,Ørsted Gets Favorable Tax Opinion on Two UK Offshore Wind Farms,An arbitration commission backed Ørsted’s tax treatment of Walney Extension and Hornsea 1.,Yahoo Entertainment,2026-09-11T02:30:00Z,https://finance.yahoo.com/energy/articles/rsted-gets-favorable-tax-opinion-023000444.html
UK electricity market,"Sensex, Nifty stage late recovery to end higher after three-day slide","The domestic equity benchmarks staged a late recovery on Thursday, snapping a three-session losing streak. Buying during the closing auction helped the Nifty and Sensex overcome losses seen during regular trading.",Business Standard,2026-09-10T11:22:42Z,https://www.business-standard.com/markets/capital-market-news/sensex-nifty-stage-late-recovery-to-end-higher-after-three-day-slide-126091000996_1.html
UK electricity market,Benchmarks snap three-day losses; media shares climb,"Media, PSU bank and private bank shares advanced while metal, pharma and auto shares declined.",Business Standard,2026-09-10T10:42:55Z,https://www.business-standard.com/markets/capital-market-news/benchmarks-snap-three-day-losses-media-shares-climb-126091000904_1.html
UK electricity market,"Sensex today | Stock Market Highlights: Sensex rises 138 pts, Nifty closes at 23,477 as crude oil surge, geopolitical tensions weigh on sentiment","Sensex, Nifty, Stock Price Highlights: Indian equity markets closed marginally higher on Thursday, with benchmark indices ‘eking out gains’ despite Brent crude oil prices climbing to around $102 per barrel, as investors remained cautious amid geopolitical ten…",BusinessLine,2026-09-10T10:36:02Z,https://www.thehindubusinessline.com/markets/sensex-nifty50-today-stock-market-highlights-10th-september-2026/article71448206.ece
UK electricity market,Skeptical Science New Research for Week #37 2026,"Open access notables

Early warning signals for tipping points in complex climate systems, LIU et al., Advances in Climate Change Research

The growing risk of climate tipping events underscores the urgent need for reliable early warning signals (EWS). Here w…",Skepticalscience.com,2026-09-10T05:05:37Z,https://skepticalscience.com/new_research_2026_37.html
EU emissions trading,The strange lesson the Ford Pinto can teach us about the new iPhone,There’s a funny game I’ve been playing with my three-year-old iPhone lately. The objective is to drain my battery as often as possible to degrade its health enough that Apple Care covers the replacement. A new battery would make my phone feel brand new — or a…,Vox,2026-09-11T22:28:22Z,https://www.vox.com/technology/502660/iphone-duo-18-max-apple-refurbished
EU emissions trading,"Europe's ""Less"" Is Doing More Than Anyone Gives It Credit For","Brent is sitting a touch above $104 this morning, down slightly from yesterday's surge. The Strait of Hormuz, which used to move something like a fifth of the world's oil and LNG before the war, has been effectively shut since March. Saudi output dropped arou…",OilPrice.com,2026-09-11T22:00:00Z,https://oilprice.com/Energy/Energy-General/Europes-Less-Is-Doing-More-Than-Anyone-Gives-It-Credit-For.html
EU emissions trading,India is fighting CBAM. It should also help shape the rules,A country that skips the formal consultation process does not exempt itself from the resulting rules—it simply accepts an outcome written by others.,Livemint,2026-09-11T09:27:55Z,https://www.livemint.com/opinion/online-views/european-commission-carbon-tariff-cbam-india-carbon-credit-11789097641921.html
EU emissions trading,Best Low Rolling Resistance Tyres Tested: Efficiency Without Compromise,"Independent tests show that the latest low rolling resistance tyres can deliver real fuel or range savings without sacrificing wet grip or safety, with several models now outperforming older rivals.",Inautonews.com,2026-09-09T21:03:09Z,https://www.inautonews.com/test-best-low-rolling-resistance-lrr-tires)
EU emissions trading,"Sensex today | Stock Market Highlights: Sensex crashes 813 pts, Nifty closes at 23,431 as crude crosses $100","Sensex, Nifty, Share Prices Highlights: Indian shares fell for a ​third consecutive session on Wednesday to their lowest levels in three months ‌as Brent crude futures rose above $100 a ​barrel for the first time since late July, ⁠fanning concerns about its i…",BusinessLine,2026-09-09T10:49:37Z,https://www.thehindubusinessline.com/markets/sensex-nifty50-today-stock-market-highlights-9th-september-2026/article71445394.ece
EU emissions trading,The Draghi plan at 2: Competitiveness crusade runs into Europe’s old politics,"The Commission has acted on much of Mario Draghi's plan to save Europe's economy, but national governments are pushing back.",POLITICO.eu,2026-09-08T17:11:12Z,https://www.politico.eu/article/mario-draghi-plan-2-competitiveness-crusade-runs-europe-old-politics/
EU emissions trading,Europe’s Security Depends on a Clear Electrification Target,The politics around electrification are beginning to shift in Europe as more people recognize its importance for economic competitiveness and industrial resilience. European Union policymakers should seize this momentum to embed a binding target of at least 5…,Project Syndicate,2026-09-08T16:06:21Z,https://www.project-syndicate.org/commentary/eu-needs-clear-electrification-target-energy-security-framework-by-neil-makaroff-and-marin-gillot-2026-09
EU emissions trading,France calls for new EU taxes to raise €60B,Most governments are challenging new levies to finance the EU's next seven year budget.,POLITICO.eu,2026-09-08T11:57:15Z,https://www.politico.eu/article/france-calls-for-new-eu-taxes-to-raise-e60b/
European gas storage,Carney wants Canada to be an ‘associate member’ of the EU: report,Canadian and European Union officials say Prime Minister Mark Carney is racing toward deeper integration across the Atlantic Ocean.,National Post,2026-09-13T18:07:39Z,https://nationalpost.com/news/carney-canada-eu-associate-member-report
European gas storage,"Europe's ""Less"" Is Doing More Than Anyone Gives It Credit For","Brent is sitting a touch above $104 this morning, down slightly from yesterday's surge. The Strait of Hormuz, which used to move something like a fifth of the world's oil and LNG before the war, has been effectively shut since March. Saudi output dropped arou…",OilPrice.com,2026-09-11T22:00:00Z,https://oilprice.com/Energy/Energy-General/Europes-Less-Is-Doing-More-Than-Anyone-Gives-It-Credit-For.html
European gas storage,Shell Acquires PJM Gas Power Plant,"Shell agreed to acquire a 169-megawatt natural gas-fired power plant in Pennsylvania, while selling a 609-MW combined-cycle gas power plant in New England.",Rigzone,2026-09-11T15:02:49Z,https://www.rigzone.com/news/shell_acquires_pjm_gas_power_plant-11-sep-2026-184601-article/
European gas storage,"Sensex today | Stock Market Highlights: Sensex down 120 pts, Nifty closes at 23,398, logs 5th weekly loss as oil fears grip markets","Sensex, Nifty, Stock Price Highlights: Benchmark indices Sensex and Nifty ended marginally lower on Friday after registering sharp losses during the day following a drop in crude oil prices and buying in blue-chip HDFC Bank and IT stocks.",BusinessLine,2026-09-11T11:20:12Z,https://www.thehindubusinessline.com/markets/sensex-nifty50-today-stock-market-highlights-11th-september-2026/article71453005.ece
European gas storage,Benchmarks come off the day's high; European markets trade flat,"The benchmark indices came off the day's high in afternoon trade as a weakening rupee, higher crude oil prices and elevated global bond yields weighed on sentiment. The Nifty slipped below the 23,350 level. Realty, financials and oil & gas stocks declined whi…",Business Standard,2026-09-11T08:20:07Z,https://www.business-standard.com/markets/capital-market-news/benchmarks-come-off-the-day-s-high-european-markets-trade-flat-126091100579_1.html
European gas storage,"Further European rate hikes 'very much dependent' on energy costs, Bundesbank chief said","Joachim Nagel told CNBC that a potential move in rates into restrictive territory was ""very much dependent on how the energy prices evolve.""",CNBC,2026-09-11T07:40:49Z,https://www.cnbc.com/2026/09/11/ecb-nagel-energy-prices-further-interest-rate-hikes.html
European gas storage,Clean-food startup Khetika is betting on pesticide-free spices. Can it clear the global quality bar?,"Khetika has invested ₹10 crore in a pesticide-free spice facility in Gujarat, aiming for a ₹1,000-crore spices business and global markets. But is pesticide-free enough?",BusinessLine,2026-09-11T07:35:16Z,https://www.thehindubusinessline.com/companies/clean-food-startup-khetika-bets-10-crore-on-pesticide-free-spices-can-it-clear-the-global-quality-bar/article71375349.ece
European gas storage,"Microplastics found in lungs linked to lung cancer, new research shows","A study presented at the European Respiratory Society meeting found microplastics in 66% of lung cancer patients’ lung fluid samples, compared to 46% of those without cancer. Lung cancer patients had twice the burden of microplastic particles lodged in their …",Naturalnews.com,2026-09-11T06:00:00Z,https://www.naturalnews.com/2026-09-11-microplastics-found-in-lungs-linked-to-lung-cancer.html
European gas storage,Ford Transit City added to brand’s van lineup as last-mile EV,"The attention of Ford’s future product plans was largely focused on the Bronco Basecamp this week, though it’ll be beaten as the Blue Oval brand’s first import from China by the Transit City, with the electric van due in showrooms later this year. Arriving fr…",Freerepublic.com,2026-09-10T15:53:21Z,https://freerepublic.com/focus/f-news/4394976/posts
European gas storage,ECB raises interest rates as Iran war fans inflation fears,"The European Central Bank has taken another bold action by raising interest rates for the second occasion within the year. This effort is designed to tackle stubborn inflation, significantly driven by high energy costs and geopolitical factors. The bank expec…",The Times of India,2026-09-10T15:40:03Z,https://economictimes.indiatimes.com/markets/us-stocks/news/ecb-raises-interest-rates-as-iran-war-fans-inflation-fears/articleshow/134017879.cms
UK power grid,UK Wind Power Hits Record High as Energy Security Risks Mount,"The United Kingdom has dramatically increased its wind energy capacity over the last decade, producing record levels of wind power in 2025. With several more projects in the pipeline, wind power is expected to contribute a significant share of the U.K. energy…",OilPrice.com,2026-09-13T15:00:00Z,https://oilprice.com/Energy/Energy-General/UK-Wind-Power-Hits-Record-High-as-Energy-Security-Risks-Mount.html
UK power grid,"UK economy being held back by 'five giants' - neglect, gridlock, discouragement, myopia and powerlessness - warn business grandees","In their dire warning, the Prosperity 2030 Alliance said neglect, gridlock, discouragement, myopia and powerlessness were the main factors choking off growth.",Dailymail.com,2026-09-13T14:17:41Z,https://www.dailymail.com/news/article-16127847/UK-economy-held-five-giants-neglect-gridlock.html
UK power grid,Mark O'Connell: A realistic emergency preparedness booklet would say ‘prepare for a slow decline’,"Climate change for most of us will be a slow, banal deterioration in our quality of life - and we’re the lucky ones",The Irish Times,2026-09-13T06:00:00Z,https://www.irishtimes.com/opinion/2026/09/13/mark-oconnell-a-realistic-emergency-preparedness-booklet-would-say-prepare-for-a-slow-decline/
UK power grid,A Dick Smith VZ200 without the Dick Smith,Australians! They walk among us ! Do not be deceived by those charming faces!    They might be your parent! They might sleep in the same bed...,Blogspot.com,2026-09-13T02:33:22Z,http://oldvcr.blogspot.com/2026/09/a-dick-smith-vz200-without-dick-smith.html
UK power grid,Dense-Fluid Pumped Hydro Works. Scaling It Is The Problem.,"RheEnergise deserves credit for something a lot of energy-storage startups never accomplish: it built the thing. At Cornwood in Devon, the company constructed upper and lower reservoirs, installed pumps, pipes and generating equipment, manufactured hundreds o…",CleanTechnica,2026-09-12T13:32:45Z,https://cleantechnica.com/2026/09/12/dense-fluid-pumped-hydro-duration-scaling/
UK power grid,From Longford to LA: The rise of Maura Higgins,"As Maura Higgins prepares to take to the Dancing with the Stars ballroom in LA, Evelyn O'Rourke looks at how a one-week Love Island gamble became an international media career.",RTE,2026-09-12T05:00:00Z,https://www.rte.ie/entertainment/2026/0912/1591248-from-longford-to-la-the-rise-of-maura-higgins/
UK power grid,pygstat added to PyPI,"GPU-accelerated geostatistics for Python — variograms, kriging, Poisson kriging, and sequential simulation (inspired by R's gstat and GSLIB)",Pypi.org,2026-09-11T16:50:13Z,https://pypi.org/project/pygstat/
UK power grid,"Sensex today | Stock Market Highlights: Sensex down 120 pts, Nifty closes at 23,398, logs 5th weekly loss as oil fears grip markets","Sensex, Nifty, Stock Price Highlights: Benchmark indices Sensex and Nifty ended marginally lower on Friday after registering sharp losses during the day following a drop in crude oil prices and buying in blue-chip HDFC Bank and IT stocks.",BusinessLine,2026-09-11T11:20:12Z,https://www.thehindubusinessline.com/markets/sensex-nifty50-today-stock-market-highlights-11th-september-2026/article71453005.ece
UK power grid,India’s data centre surge is powering a massive boom in sales of generator sets,"With data centres operating continuously, generator sets have become imperative to keep their IT infrastructure, cooling systems and lighting running in the event of an outage.",Livemint,2026-09-11T08:15:48Z,https://www.livemint.com/industry/energy/india-data-centres-power-backup-gensets-electricity-supply-cummins-india-kirloskar-oil-engines-sterling-green-power-11789098449257.html
UK power grid,"DAILY MAIL COMMENT: The last thing we need is a tax on our holidays, Prime Minister","It hardly requires a PhD in economics to figure out that the last thing needed by the tourism industry or, indeed, England is another tax",Dailymail.com,2026-09-11T00:00:11Z,https://www.dailymail.com/news/article-16121627/DAILY-MAIL-COMMENT-thing-need-tax-holidays-Prime-Minister.html
