title,source,published_at,url,event_type,affected_market,price_direction,confidence,reasoning
EU can forget about competitiveness at current energy prices – Tusk,RT,2026-09-11T11:56:30Z,https://www.rt.com/news/645448-tusk-eu-energy-prices/,regulatory,general,neutral,medium,"Visegrad leaders are criticizing EU energy policies and high costs, representing political rhetoric rather than an immediate supply or demand change."
"Further European rate hikes 'very much dependent' on energy costs, Bundesbank chief said",CNBC,2026-09-11T07:40:49Z,https://www.cnbc.com/2026/09/11/ecb-nagel-energy-prices-further-interest-rate-hikes.html,regulatory,general,neutral,medium,Central bank commentary linking potential monetary tightening to energy prices presents a conditional macroeconomic feedback signal for energy markets.
"How Ukraine’s deepest attack in Russia, on Arctic gas, signals new reach",Al Jazeera English,2026-09-10T10:38:53Z,https://www.aljazeera.com/news/2026/9/10/how-ukraines-deepest-attack-in-russia-on-arctic-gas-signals-new-reach,supply_disruption,EU_gas,bullish,high,Drone strikes targeting key Russian Arctic gas facilities increase supply disruption risks and raise the geopolitical risk premium for European gas.
European gas tops €80 for first time in over 3 years,Biztoc.com,2026-09-09T14:57:28Z,https://biztoc.com/x/047e34777aceead7,price_movement,EU_gas,bullish,high,"Dutch TTF natural gas futures surged past €80/MWh for the first time in over three years, indicating strong upward price momentum in the European gas market."
"Iran conflict drives up European natural gas, heating oil, and sulfur prices",Crypto Briefing,2026-09-08T23:45:17Z,https://cryptobriefing.com/iran-conflict-drives-up-european-natural-gas-heating-oil-and-sulfur-prices/,geopolitical,EU_gas,bullish,high,Geopolitical conflict in the Middle East is driving up European gas and fuel prices due to increased supply risk and market volatility.
Labor Day Gasoline Just Hit a Record. Here’s What Comes Next,OilPrice.com,2026-09-08T20:00:00Z,https://oilprice.com/Energy/Energy-General/Labor-Day-Gasoline-Just-Hit-a-Record-Heres-What-Comes-Next.html,price_movement,general,bullish,high,Record high US gasoline prices driven by heavy holiday travel demand indicate strong market pricing.
Benchmarks snap three-day losses; media shares climb,Business Standard,2026-09-10T10:42:55Z,https://www.business-standard.com/markets/capital-market-news/benchmarks-snap-three-day-losses-media-shares-climb-126091000904_1.html,price_movement,general,bullish,high,The news describes general equity stock index rebounds and sector performance with no direct impact on energy markets.
"Sensex today | Stock Market Highlights: Sensex rises 138 pts, Nifty closes at 23,477 as crude oil surge, geopolitical tensions weigh on sentiment",BusinessLine,2026-09-10T10:36:02Z,https://www.thehindubusinessline.com/markets/sensex-nifty50-today-stock-market-highlights-10th-september-2026/article71448206.ece,geopolitical,general,bullish,medium,Escalating geopolitical tensions driving Brent crude oil prices up to $102 per barrel create strong upward price pressure on global energy markets.
Skeptical Science New Research for Week #37 2026,Skepticalscience.com,2026-09-10T05:05:37Z,https://skepticalscience.com/new_research_2026_37.html,other,general,neutral,high,Academic research on climate tipping points has no direct or immediate impact on energy market prices.
The strange lesson the Ford Pinto can teach us about the new iPhone,Vox,2026-09-11T22:28:22Z,https://www.vox.com/technology/502660/iphone-duo-18-max-apple-refurbished,other,general,neutral,high,"The article discusses consumer technology and iPhone battery replacements, which has no relevance or impact on energy markets."
"Europe's ""Less"" Is Doing More Than Anyone Gives It Credit For",OilPrice.com,2026-09-11T22:00:00Z,https://oilprice.com/Energy/Energy-General/Europes-Less-Is-Doing-More-Than-Anyone-Gives-It-Credit-For.html,supply_disruption,general,bullish,high,The effective closure of the Strait of Hormuz and reduced Saudi output represent major supply disruptions keeping energy prices elevated.
India is fighting CBAM. It should also help shape the rules,Livemint,2026-09-11T09:27:55Z,https://www.livemint.com/opinion/online-views/european-commission-carbon-tariff-cbam-india-carbon-credit-11789097641921.html,regulatory,EU_emissions,neutral,high,"The article discusses international policy engagement around the EU's Carbon Border Adjustment Mechanism, which is a regulatory matter with neutral short-term price impact."
Ford Transit City added to brand’s van lineup as last-mile EV,Freerepublic.com,2026-09-10T15:53:21Z,https://freerepublic.com/focus/f-news/4394976/posts,other,general,neutral,high,"This is general automotive product news regarding a new electric vehicle launch, which has no direct or immediate impact on wholesale energy commodity prices."
ECB raises interest rates as Iran war fans inflation fears,The Times of India,2026-09-10T15:40:03Z,https://economictimes.indiatimes.com/markets/us-stocks/news/ecb-raises-interest-rates-as-iran-war-fans-inflation-fears/articleshow/134017879.cms,demand_shift,general,bearish,medium,"ECB interest rate hikes slow economic growth to combat inflation, which typically reduces overall energy demand."
UK Wind Power Hits Record High as Energy Security Risks Mount,OilPrice.com,2026-09-13T15:00:00Z,https://oilprice.com/Energy/Energy-General/UK-Wind-Power-Hits-Record-High-as-Energy-Security-Risks-Mount.html,weather,UK_power,bearish,high,"Record wind power generation increases zero-marginal-cost electricity supply in the UK, placing downward pressure on power prices."
"UK economy being held back by 'five giants' - neglect, gridlock, discouragement, myopia and powerlessness - warn business grandees",Dailymail.com,2026-09-13T14:17:41Z,https://www.dailymail.com/news/article-16127847/UK-economy-held-five-giants-neglect-gridlock.html,other,general,neutral,high,The headline discusses general UK macroeconomic growth concerns without direct impact on energy commodity fundamentals.
Mark O'Connell: A realistic emergency preparedness booklet would say ‘prepare for a slow decline’,The Irish Times,2026-09-13T06:00:00Z,https://www.irishtimes.com/opinion/2026/09/13/mark-oconnell-a-realistic-emergency-preparedness-booklet-would-say-prepare-for-a-slow-decline/,other,general,neutral,high,The article is a general opinion piece on climate change and emergency preparedness with no direct impact on specific energy market prices.
A Dick Smith VZ200 without the Dick Smith,Blogspot.com,2026-09-13T02:33:22Z,http://oldvcr.blogspot.com/2026/09/a-dick-smith-vz200-without-dick-smith.html,other,general,neutral,high,The provided text is completely unrelated to energy markets and has no impact on energy prices.
